store_name,product_name,avg_daily_sales,total_sales_volume,days_sold,sales_rank,rankings_class
City Fresh Store,Milk,3.666666667,44,12,0.9378881988,Fast-moving
City Fresh Store,Yogurt,3.769230769,49,13,0.9689440994,Fast-moving
City Fresh Store,Salmon,3.3125,53,16,0.8136645963,Fast-moving
City Fresh Store,Cereal,3.470588235,59,17,0.8757763975,Fast-moving
Corner Grocery,Yogurt,3.4,17,5,0.850931677,Fast-moving
Corner Grocery,Ground Beef,3.285714286,23,7,0.801242236,Fast-moving
Corner Grocery,Rice,4.625,37,8,1,Fast-moving
Corner Grocery,Cheese,3.4,51,15,0.8447204969,Fast-moving
Corner Grocery,Bananas,3.684210526,70,19,0.9440993789,Fast-moving
FamilyFood Express,Cheese,3.727272727,41,11,0.950310559,Fast-moving
FamilyFood Express,Carrots,3.833333333,46,12,0.9751552795,Fast-moving
FreshMart Downtown,Rice,3.375,27,8,0.8322981366,Fast-moving
FreshMart Downtown,Pasta,3.875,31,8,0.9813664596,Fast-moving
GreenGrocer Plaza,Rice,3.5,28,8,0.8819875776,Fast-moving
GreenGrocer Plaza,Bananas,3.6,36,10,0.9130434783,Fast-moving
GreenGrocer Plaza,Salmon,3.909090909,43,11,0.9875776398,Fast-moving
GreenGrocer Plaza,Potatoes,3.388888889,61,18,0.8385093168,Fast-moving
MegaMart Westside,Yogurt,3.75,30,8,0.9627329193,Fast-moving
MegaMart Westside,Orange Juice,4.125,33,8,0.9937888199,Fast-moving
MegaMart Westside,Rice,3.3,33,10,0.8074534161,Fast-moving
MegaMart Westside,Chicken Breast,3.5,42,12,0.8819875776,Fast-moving
MegaMart Westside,Potatoes,3.461538462,45,13,0.8633540373,Fast-moving
MegaMart Westside,Ground Beef,3.538461538,46,13,0.9068322981,Fast-moving
MegaMart Westside,Apples,3.642857143,51,14,0.9316770186,Fast-moving
QuickStop Market,Apples,3.625,29,8,0.9254658385,Fast-moving
QuickStop Market,Cereal,3.333333333,30,9,0.8198757764,Fast-moving
QuickStop Market,Yogurt,3.5,35,10,0.8819875776,Fast-moving
QuickStop Market,Pasta,3.357142857,47,14,0.8260869565,Fast-moving
SuperSave Central,Bread,3.6,36,10,0.9130434783,Fast-moving
SuperSave Central,Carrots,3.466666667,52,15,0.8695652174,Fast-moving
SuperSave Central,Tomatoes,3.5,56,16,0.8819875776,Fast-moving
ValuePlus Market,Orange Juice,3.454545455,38,11,0.8571428571,Fast-moving
ValuePlus Market,Bread,3.727272727,41,11,0.9565217391,Fast-moving
City Fresh Store,Cheese,2.777777778,25,9,0.2919254658,Medium-moving
City Fresh Store,Eggs,3.1,31,10,0.6086956522,Medium-moving
City Fresh Store,Apples,3.2,32,10,0.701863354,Medium-moving
City Fresh Store,Pasta,3.25,39,12,0.7763975155,Medium-moving
City Fresh Store,Orange Juice,2.733333333,41,15,0.248447205,Medium-moving
City Fresh Store,Potatoes,2.733333333,41,15,0.248447205,Medium-moving
City Fresh Store,Rice,3.1875,51,16,0.6956521739,Medium-moving
City Fresh Store,Bread,3.111111111,56,18,0.6273291925,Medium-moving
Corner Grocery,Carrots,3.166666667,19,6,0.6645962733,Medium-moving
Corner Grocery,Potatoes,2.777777778,25,9,0.2919254658,Medium-moving
Corner Grocery,Bread,2.8,28,10,0.3105590062,Medium-moving
Corner Grocery,Apples,3,30,10,0.4906832298,Medium-moving
Corner Grocery,Eggs,3.090909091,34,11,0.5838509317,Medium-moving
Corner Grocery,Pasta,2.75,33,12,0.2795031056,Medium-moving
Corner Grocery,Cereal,3.166666667,38,12,0.6645962733,Medium-moving
Corner Grocery,Salmon,3.071428571,43,14,0.5714285714,Medium-moving
Corner Grocery,Milk,2.75,44,16,0.2732919255,Medium-moving
Corner Grocery,Onions,3,51,17,0.4534161491,Medium-moving
Corner Grocery,Chicken Breast,3,54,18,0.4534161491,Medium-moving
FamilyFood Express,Bananas,3,12,4,0.4906832298,Medium-moving
FamilyFood Express,Milk,2.666666667,16,6,0.2236024845,Medium-moving
FamilyFood Express,Apples,2.909090909,32,11,0.4161490683,Medium-moving
FamilyFood Express,Cereal,2.769230769,36,13,0.2857142857,Medium-moving
FamilyFood Express,Salmon,2.642857143,37,14,0.2173913043,Medium-moving
FamilyFood Express,Orange Juice,3.142857143,44,14,0.652173913,Medium-moving
FamilyFood Express,Yogurt,3.214285714,45,14,0.7329192547,Medium-moving
FamilyFood Express,Eggs,3.055555556,55,18,0.5590062112,Medium-moving
FamilyFood Express,Potatoes,3.222222222,58,18,0.7391304348,Medium-moving
FamilyFood Express,Bread,2.947368421,56,19,0.4472049689,Medium-moving
FreshMart Downtown,Bread,2.714285714,19,7,0.2422360248,Medium-moving
FreshMart Downtown,Eggs,2.875,23,8,0.3788819876,Medium-moving
FreshMart Downtown,Onions,2.888888889,26,9,0.397515528,Medium-moving
FreshMart Downtown,Cereal,3,27,9,0.4906832298,Medium-moving
FreshMart Downtown,Tomatoes,3.2,32,10,0.701863354,Medium-moving
FreshMart Downtown,Cheese,3.181818182,35,11,0.6894409938,Medium-moving
FreshMart Downtown,Apples,3.230769231,42,13,0.7577639752,Medium-moving
FreshMart Downtown,Orange Juice,3.230769231,42,13,0.7577639752,Medium-moving
FreshMart Downtown,Chicken Breast,3.230769231,42,13,0.7701863354,Medium-moving
FreshMart Downtown,Bananas,3.071428571,43,14,0.5714285714,Medium-moving
GreenGrocer Plaza,Yogurt,3.25,26,8,0.7763975155,Medium-moving
GreenGrocer Plaza,Pasta,3.111111111,28,9,0.6211180124,Medium-moving
GreenGrocer Plaza,Cereal,2.833333333,34,12,0.3354037267,Medium-moving
GreenGrocer Plaza,Bread,2.916666667,35,12,0.4285714286,Medium-moving
GreenGrocer Plaza,Milk,2.916666667,35,12,0.4285714286,Medium-moving
GreenGrocer Plaza,Ground Beef,3.153846154,41,13,0.6583850932,Medium-moving
GreenGrocer Plaza,Apples,3,42,14,0.4534161491,Medium-moving
GreenGrocer Plaza,Onions,2.733333333,41,15,0.2670807453,Medium-moving
GreenGrocer Plaza,Chicken Breast,3.133333333,47,15,0.6397515528,Medium-moving
GreenGrocer Plaza,Cheese,3.25,52,16,0.7763975155,Medium-moving
GreenGrocer Plaza,Orange Juice,3.055555556,55,18,0.5590062112,Medium-moving
MegaMart Westside,Carrots,2.888888889,26,9,0.397515528,Medium-moving
MegaMart Westside,Bananas,3.222222222,29,9,0.7391304348,Medium-moving
MegaMart Westside,Pasta,3,30,10,0.4906832298,Medium-moving
MegaMart Westside,Salmon,3.2,32,10,0.701863354,Medium-moving
MegaMart Westside,Cereal,3.166666667,38,12,0.6645962733,Medium-moving
MegaMart Westside,Onions,3,51,17,0.4534161491,Medium-moving
MegaMart Westside,Tomatoes,3.136363636,69,22,0.6459627329,Medium-moving
QuickStop Market,Ground Beef,3,12,4,0.4906832298,Medium-moving
QuickStop Market,Potatoes,3.25,26,8,0.7763975155,Medium-moving
QuickStop Market,Carrots,3.1,31,10,0.6086956522,Medium-moving
QuickStop Market,Chicken Breast,3.2,32,10,0.701863354,Medium-moving
QuickStop Market,Cheese,3.2,32,10,0.701863354,Medium-moving
QuickStop Market,Eggs,3.090909091,34,11,0.5838509317,Medium-moving
QuickStop Market,Bananas,2.857142857,40,14,0.3540372671,Medium-moving
QuickStop Market,Bread,2.857142857,40,14,0.3602484472,Medium-moving
QuickStop Market,Onions,2.857142857,40,14,0.3602484472,Medium-moving
QuickStop Market,Tomatoes,3,51,17,0.4906832298,Medium-moving
QuickStop Market,Rice,3,57,19,0.4534161491,Medium-moving
SuperSave Central,Rice,2.875,23,8,0.3788819876,Medium-moving
SuperSave Central,Ground Beef,3,27,9,0.4906832298,Medium-moving
SuperSave Central,Yogurt,3.222222222,29,9,0.7391304348,Medium-moving
SuperSave Central,Milk,2.7,27,10,0.2360248447,Medium-moving
SuperSave Central,Salmon,3,33,11,0.4906832298,Medium-moving
SuperSave Central,Bananas,3.090909091,34,11,0.5838509317,Medium-moving
SuperSave Central,Cheese,3.090909091,34,11,0.5838509317,Medium-moving
SuperSave Central,Apples,3,36,12,0.4906832298,Medium-moving
SuperSave Central,Pasta,2.8,42,15,0.3043478261,Medium-moving
SuperSave Central,Potatoes,2.8,42,15,0.3105590062,Medium-moving
SuperSave Central,Onions,2.6875,43,16,0.2298136646,Medium-moving
SuperSave Central,Cereal,2.875,46,16,0.3788819876,Medium-moving
SuperSave Central,Eggs,3.166666667,57,18,0.6645962733,Medium-moving
SuperSave Central,Chicken Breast,2.857142857,60,21,0.3602484472,Medium-moving
ValuePlus Market,Pasta,3.125,25,8,0.6335403727,Medium-moving
ValuePlus Market,Potatoes,2.888888889,26,9,0.397515528,Medium-moving
ValuePlus Market,Cereal,3,27,9,0.4906832298,Medium-moving
ValuePlus Market,Rice,2.8,28,10,0.3105590062,Medium-moving
ValuePlus Market,Onions,2.636363636,29,11,0.2111801242,Medium-moving
ValuePlus Market,Carrots,2.909090909,32,11,0.4161490683,Medium-moving
ValuePlus Market,Ground Beef,2.833333333,34,12,0.3354037267,Medium-moving
ValuePlus Market,Milk,2.833333333,34,12,0.3354037267,Medium-moving
ValuePlus Market,Chicken Breast,2.733333333,41,15,0.248447205,Medium-moving
ValuePlus Market,Salmon,3,45,15,0.4906832298,Medium-moving
ValuePlus Market,Eggs,2.823529412,48,17,0.3291925466,Medium-moving
ValuePlus Market,Yogurt,2.944444444,53,18,0.4409937888,Medium-moving
ValuePlus Market,Tomatoes,3,54,18,0.4534161491,Medium-moving
City Fresh Store,Tomatoes,2.375,19,8,0.08695652174,Slow-moving
City Fresh Store,Bananas,2.625,21,8,0.1863354037,Slow-moving
City Fresh Store,Carrots,2.1,21,10,0.01242236025,Slow-moving
City Fresh Store,Chicken Breast,2.285714286,32,14,0.04968944099,Slow-moving
City Fresh Store,Onions,2.571428571,36,14,0.149068323,Slow-moving
City Fresh Store,Ground Beef,2.6,39,15,0.1677018634,Slow-moving
Corner Grocery,Orange Juice,2.363636364,26,11,0.07453416149,Slow-moving
Corner Grocery,Tomatoes,2.375,38,16,0.09937888199,Slow-moving
FamilyFood Express,Ground Beef,2.285714286,16,7,0.04968944099,Slow-moving
FamilyFood Express,Rice,2.5,20,8,0.1180124224,Slow-moving
FamilyFood Express,Pasta,2.625,21,8,0.1863354037,Slow-moving
FamilyFood Express,Tomatoes,2.6,26,10,0.1677018634,Slow-moving
FamilyFood Express,Onions,1.916666667,23,12,0.006211180124,Slow-moving
FamilyFood Express,Chicken Breast,2.25,27,12,0.03726708075,Slow-moving
FreshMart Downtown,Salmon,2.285714286,16,7,0.04968944099,Slow-moving
FreshMart Downtown,Carrots,2.125,17,8,0.01863354037,Slow-moving
FreshMart Downtown,Ground Beef,2.375,19,8,0.08695652174,Slow-moving
FreshMart Downtown,Potatoes,2.230769231,29,13,0.03105590062,Slow-moving
FreshMart Downtown,Milk,2.266666667,34,15,0.04347826087,Slow-moving
FreshMart Downtown,Yogurt,2.625,42,16,0.1863354037,Slow-moving
GreenGrocer Plaza,Tomatoes,2.625,21,8,0.1863354037,Slow-moving
GreenGrocer Plaza,Eggs,2.555555556,23,9,0.1428571429,Slow-moving
GreenGrocer Plaza,Carrots,2.363636364,26,11,0.07453416149,Slow-moving
MegaMart Westside,Milk,1.888888889,17,9,0,Slow-moving
MegaMart Westside,Cheese,2.3,23,10,0.06832298137,Slow-moving
MegaMart Westside,Eggs,2.545454545,28,11,0.1304347826,Slow-moving
MegaMart Westside,Bread,2.1875,35,16,0.0248447205,Slow-moving
QuickStop Market,Orange Juice,2.6,26,10,0.1677018634,Slow-moving
QuickStop Market,Milk,2.454545455,27,11,0.1055900621,Slow-moving
QuickStop Market,Salmon,2.583333333,31,12,0.1552795031,Slow-moving
SuperSave Central,Orange Juice,2.5,20,8,0.1180124224,Slow-moving
ValuePlus Market,Cheese,2.454545455,27,11,0.1055900621,Slow-moving
ValuePlus Market,Apples,2.545454545,28,11,0.1304347826,Slow-moving
ValuePlus Market,Bananas,2.583333333,31,12,0.1552795031,Slow-moving